Heuristic,Start City,Distance
Random Tour,0,96826
Random Tour,1,96826
Random Tour,2,97262
Random Tour,3,96826
Random Tour,4,96826
Random Tour,5,96694
Random Tour,6,96694
Random Tour,7,96694
Random Tour,8,96694
Random Tour,9,96694
Random Tour,10,96694
Random Tour,11,96694
Random Tour,12,96725
Random Tour,13,96725
Random Tour,14,96725
Random Tour,15,96989
Random Tour,16,96725
Random Tour,17,96770
Random Tour,18,97234
Random Tour,19,96834
Random Tour,20,97088
Random Tour,21,97042
Random Tour,22,96848
Random Tour,23,96848
Random Tour,24,97048
Random Tour,25,96868
Random Tour,26,97177
Random Tour,27,96771
Random Tour,28,96785
Random Tour,29,96742
Random Tour,30,96846
Random Tour,31,96851
Random Tour,32,96794
Random Tour,33,96851
Random Tour,34,96802
Random Tour,35,96827
Random Tour,36,96827
Random Tour,37,96906
Random Tour,38,96823
Random Tour,39,96948
Random Tour,40,96790
Random Tour,41,96896
Random Tour,42,97071
Random Tour,43,97112
Random Tour,44,96662
Random Tour,45,96917
Random Tour,46,96905
Random Tour,47,97033
Random Tour,48,97152
Random Tour,49,97034
Random Tour,50,96968
Random Tour,51,96968
Random Tour,52,96968
Random Tour,53,97008
Random Tour,54,96708
Random Tour,55,97108
Random Tour,56,96539
Random Tour,57,96772
Random Tour,58,96772
Random Tour,59,96674
Random Tour,60,97407
Random Tour,61,97407
Random Tour,62,96545
Random Tour,63,96674
Random Tour,64,96512
Random Tour,65,96642
Random Tour,66,96796
Random Tour,67,96754
Random Tour,68,97322
Random Tour,69,96754
Random Tour,70,96415
Random Tour,71,96415
Random Tour,72,96442
Random Tour,73,96430
Random Tour,74,96454
Random Tour,75,96762
Random Tour,76,96290
Random Tour,77,96489
Random Tour,78,96554
Random Tour,79,96465
Random Tour,80,96465
Random Tour,81,96465
Random Tour,82,96465
Random Tour,83,96290
Random Tour,84,96624
Random Tour,85,96651
Random Tour,86,96807
Random Tour,87,97440
Random Tour,88,96589
Random Tour,89,96691
Random Tour,90,96423
Random Tour,91,96827
Random Tour,92,96495
Random Tour,93,96495
Random Tour,94,97365
Random Tour,95,96895
Random Tour,96,97083
Random Tour,97,97102
Random Tour,98,96822
Random Tour,99,96936
Random Tour,100,97194
Random Tour,101,97005
Random Tour,102,96973
Random Tour,103,97007
Random Tour,104,97007
Random Tour,105,97007
Random Tour,106,97111
Random Tour,107,97111
Random Tour,108,97234
Random Tour,109,97234
Random Tour,110,97046
Random Tour,111,96901
Random Tour,112,96974
Random Tour,113,96974
Random Tour,114,96974
Random Tour,115,97491
Random Tour,116,97161
Random Tour,117,96973
Random Tour,118,96785
Random Tour,119,96785
Random Tour,120,97394
Random Tour,121,97701
Random Tour,122,96826
Random Tour,123,96614
Random Tour,124,96854
Random Tour,125,96823
Random Tour,126,97698
Random Tour,127,97698
Random Tour,128,97698
Random Tour,129,98038
Random Tour,130,98062
Random Tour,131,97681
Random Tour,132,97928
Random Tour,133,98036
Random Tour,134,97959
Random Tour,135,98036
Random Tour,136,98036
Random Tour,137,98068
Random Tour,138,96805
Random Tour,139,98056
Random Tour,140,98075
Random Tour,141,98210
Random Tour,142,97211
Random Tour,143,96924
Random Tour,144,97119
Random Tour,145,97414
Random Tour,146,97414
Random Tour,147,97414
Random Tour,148,97069
Random Tour,149,97007
Random Tour,150,97511
Random Tour,151,97414
Random Tour,152,97721
Random Tour,153,97721
Random Tour,154,97740
Random Tour,155,97487
Random Tour,156,96856
Random Tour,157,96632
Random Tour,158,96707
Random Tour,159,96604
Random Tour,160,96633
Random Tour,161,96574
Random Tour,162,96857
Random Tour,163,97040
Random Tour,164,96479
Random Tour,165,96276
Random Tour,166,96276
Random Tour,167,96478
Random Tour,168,96593
Random Tour,169,96593
Random Tour,170,96593
Random Tour,171,96593
Random Tour,172,97022
Random Tour,173,96024
Random Tour,174,96024
Random Tour,175,95910
Random Tour,176,96082
Random Tour,177,96137
Random Tour,178,96120
Random Tour,179,96315
Random Tour,180,96315
Random Tour,181,96515
Random Tour,182,96315
Random Tour,183,96674
Random Tour,184,96264
Random Tour,185,97268
Random Tour,186,96311
Random Tour,187,96276
Random Tour,188,97897
Random Tour,189,94582
Random Tour,190,96680
Random Tour,191,95312
Random Tour,192,96881
Random Tour,193,96223
Random Tour,194,96155
Random Tour,195,96972
Random Tour,196,96806
Random Tour,197,96664
Random Tour,198,96557
Random Tour,199,94590
Random Tour,200,94469
Random Tour,201,97094
Random Tour,202,97707
Random Tour,203,95921
Random Tour,204,94589
Random Tour,205,96561
Random Tour,206,94623
Random Tour,207,96135
Random Tour,208,96142
Random Tour,209,97277
Random Tour,210,96954
Random Tour,211,95905
Random Tour,212,96676
Random Tour,213,96849
Random Tour,214,96849
Random Tour,215,98065
Random Tour,216,96997
Random Tour,217,98065
Random Tour,218,97108
Random Tour,219,97316
Random Tour,220,98299
Random Tour,221,96079
Random Tour,222,96677
Random Tour,223,96927
Random Tour,224,97198
Random Tour,225,95767
Random Tour,226,96567
Random Tour,227,96567
Random Tour,228,96858
Random Tour,229,96650
Random Tour,230,97627
Random Tour,231,96060
Random Tour,232,96714
Random Tour,233,96317
Random Tour,234,96759
Random Tour,235,97789
Random Tour,236,96795
Random Tour,237,96838
Random Tour,238,96838
Random Tour,239,95572
Random Tour,240,96529
Random Tour,241,98004
Random Tour,242,96927
Random Tour,243,95658
Random Tour,244,96060
Random Tour,245,96291
Random Tour,246,96479
Random Tour,247,96342
Random Tour,248,96479
Random Tour,249,96144
Random Tour,250,97021
Random Tour,251,97894
Random Tour,252,97776
Random Tour,253,97323
Random Tour,254,96519
Random Tour,255,96553
Random Tour,256,97162
Random Tour,257,96878
Random Tour,258,97745
Random Tour,259,97855
Random Tour,260,96418
Random Tour,261,97632
Random Tour,262,96892
Random Tour,263,96892
Random Tour,264,96313
Random Tour,265,97393
Random Tour,266,97743
Random Tour,267,97250
Random Tour,268,97416
Random Tour,269,96301
Random Tour,270,97043
Random Tour,271,96170
Random Tour,272,96334
Random Tour,273,97933
Random Tour,274,97700
Random Tour,275,97700
Random Tour,276,97356
Random Tour,277,96512
Random Tour,278,96394
Random Tour,279,97426
Random Tour,280,96819
Random Tour,281,97129
Random Tour,282,97575
Random Tour,283,96398
Random Tour,284,97334
Random Tour,285,96892
Random Tour,286,97760
Random Tour,287,97645
Random Tour,288,97676
Random Tour,289,97392
Random Tour,290,97567
Random Tour,291,97558
Random Tour,292,97249
Random Tour,293,97138
Random Tour,294,96451
Random Tour,295,97445
Random Tour,296,97275
Random Tour,297,97462
Random Tour,298,96777
Random Tour,299,97201
Random Tour,300,97151
Random Tour,301,97225
Random Tour,302,97285
Random Tour,303,97323
Random Tour,304,97357
Random Tour,305,97692
Random Tour,306,97631
Random Tour,307,97507
Random Tour,308,97455
Random Tour,309,97455
Random Tour,310,97331
Random Tour,311,97106
Random Tour,312,96643
Random Tour,313,96572
Random Tour,314,96696
Random Tour,315,96671
Random Tour,316,96242
Random Tour,317,96193
Random Tour,318,96087
Random Tour,319,96373
Random Tour,320,97080
Random Tour,321,97067
Random Tour,322,97531
Random Tour,323,97252
Random Tour,324,97277
Random Tour,325,96900
Random Tour,326,96495
Random Tour,327,96298
Random Tour,328,96027
Random Tour,329,98025
Random Tour,330,95733
Random Tour,331,94465
Random Tour,332,96172
Random Tour,333,95420
Random Tour,334,95183
Random Tour,335,96217
Random Tour,336,96110
Random Tour,337,95731
Random Tour,338,95454
Random Tour,339,96180
Random Tour,340,95307
Random Tour,341,95017
Random Tour,342,95351
Random Tour,343,95454
Random Tour,344,94969
Random Tour,345,96923
Random Tour,346,96434
Random Tour,347,96781
Random Tour,348,96604
Random Tour,349,96066
Random Tour,350,96795
Random Tour,351,96573
Random Tour,352,96424
Random Tour,353,96424
Random Tour,354,96374
Random Tour,355,95661
Random Tour,356,96353
Random Tour,357,96027
Random Tour,358,96643
Random Tour,359,96395
Random Tour,360,96206
Random Tour,361,97111
Random Tour,362,96871
Random Tour,363,97043
Random Tour,364,96216
Random Tour,365,96878
Random Tour,366,96550
Random Tour,367,96878
Random Tour,368,96581
Random Tour,369,96135
Random Tour,370,96135
Random Tour,371,96135
Random Tour,372,96760
Random Tour,373,96530
Random Tour,374,96366
Random Tour,375,96525
Random Tour,376,95578
Random Tour,377,97257
Random Tour,378,95743
Random Tour,379,95789
Random Tour,380,95621
Random Tour,381,95831
Random Tour,382,95476
Random Tour,383,95543
Random Tour,384,96935
Random Tour,385,95855
Random Tour,386,96210
Random Tour,387,96147
Random Tour,388,95664
Random Tour,389,97109
Random Tour,390,96161
Random Tour,391,96344
Random Tour,392,96402
Random Tour,393,96402
Random Tour,394,95865
Random Tour,395,95575
Random Tour,396,96777
Random Tour,397,96668
Random Tour,398,96755
Random Tour,399,96755
Random Tour,400,97210
Random Tour,401,96865
Random Tour,402,96865
Random Tour,403,96865
Random Tour,404,96865
Random Tour,405,96153
Random Tour,406,96505
Random Tour,407,96244
Random Tour,408,96319
Random Tour,409,96482
Random Tour,410,97032
Random Tour,411,96071
Random Tour,412,95874
Random Tour,413,95959
Random Tour,414,95959
Random Tour,415,96016
Random Tour,416,95960
Random Tour,417,96382
Random Tour,418,96074
Random Tour,419,95817
Random Tour,420,95747
Random Tour,421,95747
Random Tour,422,96085
Random Tour,423,95824
Random Tour,424,96016
Random Tour,425,96214
Random Tour,426,95953
Random Tour,427,96006
Random Tour,428,96243
Random Tour,429,96209
Random Tour,430,96121
Random Tour,431,96156
Random Tour,432,96121
Random Tour,433,96121
Random Tour,434,96121
Random Tour,435,96294
Random Tour,436,96052
Random Tour,437,96052
Random Tour,438,96052
Random Tour,439,95423
Random Tour,440,95790
Random Tour,441,95835
Random Tour,442,96900
Random Tour,443,97127
Random Tour,444,97368
Random Tour,445,96146
Random Tour,446,97368
Random Tour,447,97290
Random Tour,448,97317
Random Tour,449,97404
Random Tour,450,97360
Random Tour,451,96223
Random Tour,452,97593
Random Tour,453,97367
Random Tour,454,97317
Random Tour,455,97440
Random Tour,456,96176
Random Tour,457,97317
Random Tour,458,97317
Random Tour,459,97160
Random Tour,460,96570
Random Tour,461,97317
Random Tour,462,96570
Random Tour,463,95473
Random Tour,464,95473
Random Tour,465,95568
Random Tour,466,96825
Random Tour,467,96570
Random Tour,468,96570
Random Tour,469,96570
Random Tour,470,97536
Random Tour,471,95463
Random Tour,472,95145
Random Tour,473,97568
Random Tour,474,95180
Random Tour,475,95180
Random Tour,476,96980
Random Tour,477,96912
Random Tour,478,97074
Random Tour,479,95510
Random Tour,480,97235
Random Tour,481,97061
Random Tour,482,96912
Random Tour,483,96569
Random Tour,484,95174
Random Tour,485,97061
Random Tour,486,97839
Random Tour,487,96440
Random Tour,488,95310
Random Tour,489,97212
Random Tour,490,97149
Random Tour,491,97920
Random Tour,492,97668
Random Tour,493,97362
Random Tour,494,96901
Random Tour,495,97550
Random Tour,496,97755
Random Tour,497,97015
Random Tour,498,98426
Random Tour,499,97572
Random Tour,500,96543
Random Tour,501,98195
Random Tour,502,97698
Random Tour,503,98217
Random Tour,504,97984
Random Tour,505,97508
Random Tour,506,97508
Random Tour,507,97590
Random Tour,508,97857
Random Tour,509,97900
Random Tour,510,97551
Random Tour,511,97796
Random Tour,512,97796
Random Tour,513,97821
Random Tour,514,97796
Random Tour,515,97741
Random Tour,516,97796
Random Tour,517,97806
Random Tour,518,97754
Random Tour,519,97629
Random Tour,520,97629
Random Tour,521,98017
Random Tour,522,97586
Random Tour,523,97586
Random Tour,524,97586
Random Tour,525,98224
Random Tour,526,97531
Random Tour,527,97919
Random Tour,528,97531
Random Tour,529,97214
Random Tour,530,97073
Random Tour,531,97073
Nearest Tour,0,107624
Nearest Tour,1,107382
Nearest Tour,2,107457
Nearest Tour,3,107222
Nearest Tour,4,107457
Nearest Tour,5,107457
Nearest Tour,6,107215
Nearest Tour,7,107204
Nearest Tour,8,107446
Nearest Tour,9,107204
Nearest Tour,10,107446
Nearest Tour,11,107206
Nearest Tour,12,107446
Nearest Tour,13,107204
Nearest Tour,14,107594
Nearest Tour,15,107774
Nearest Tour,16,107352
Nearest Tour,17,107446
Nearest Tour,18,107479
Nearest Tour,19,107427
Nearest Tour,20,107120
Nearest Tour,21,107577
Nearest Tour,22,107828
Nearest Tour,23,107427
Nearest Tour,24,107470
Nearest Tour,25,107577
Nearest Tour,26,107596
Nearest Tour,27,107335
Nearest Tour,28,107828
Nearest Tour,29,107828
Nearest Tour,30,107015
Nearest Tour,31,107427
Nearest Tour,32,107828
Nearest Tour,33,107828
Nearest Tour,34,107427
Nearest Tour,35,107294
Nearest Tour,36,107427
Nearest Tour,37,107374
Nearest Tour,38,107374
Nearest Tour,39,107568
Nearest Tour,40,107711
Nearest Tour,41,107654
Nearest Tour,42,107695
Nearest Tour,43,107875
Nearest Tour,44,107654
Nearest Tour,45,107360
Nearest Tour,46,107695
Nearest Tour,47,107669
Nearest Tour,48,107374
Nearest Tour,49,107401
Nearest Tour,50,107336
Nearest Tour,51,107695
Nearest Tour,52,107695
Nearest Tour,53,107600
Nearest Tour,54,107635
Nearest Tour,55,107223
Nearest Tour,56,107623
Nearest Tour,57,107224
Nearest Tour,58,107695
Nearest Tour,59,107075
Nearest Tour,60,107389
Nearest Tour,61,107205
Nearest Tour,62,107434
Nearest Tour,63,107407
Nearest Tour,64,107434
Nearest Tour,65,107075
Nearest Tour,66,107709
Nearest Tour,67,107443
Nearest Tour,68,107827
Nearest Tour,69,107353
Nearest Tour,70,107075
Nearest Tour,71,107278
Nearest Tour,72,107893
Nearest Tour,73,107385
Nearest Tour,74,107709
Nearest Tour,75,108033
Nearest Tour,76,107443
Nearest Tour,77,107893
Nearest Tour,78,107278
Nearest Tour,79,107366
Nearest Tour,80,107074
Nearest Tour,81,107012
Nearest Tour,82,107385
Nearest Tour,83,107237
Nearest Tour,84,107407
Nearest Tour,85,107893
Nearest Tour,86,106852
Nearest Tour,87,107331
Nearest Tour,88,107348
Nearest Tour,89,106897
Nearest Tour,90,107624
Nearest Tour,91,107676
Nearest Tour,92,106934
Nearest Tour,93,107381
Nearest Tour,94,107515
Nearest Tour,95,106938
Nearest Tour,96,107407
Nearest Tour,97,108011
Nearest Tour,98,107314
Nearest Tour,99,107381
Nearest Tour,100,107676
Nearest Tour,101,107477
Nearest Tour,102,107808
Nearest Tour,103,106934
Nearest Tour,104,107348
Nearest Tour,105,107278
Nearest Tour,106,107477
Nearest Tour,107,107381
Nearest Tour,108,107808
Nearest Tour,109,107348
Nearest Tour,110,107348
Nearest Tour,111,107385
Nearest Tour,112,106934
Nearest Tour,113,107381
Nearest Tour,114,106934
Nearest Tour,115,107504
Nearest Tour,116,107177
Nearest Tour,117,107477
Nearest Tour,118,107183
Nearest Tour,119,107624
Nearest Tour,120,107515
Nearest Tour,121,107488
Nearest Tour,122,107808
Nearest Tour,123,107196
Nearest Tour,124,106725
Nearest Tour,125,107028
Nearest Tour,126,107488
Nearest Tour,127,107304
Nearest Tour,128,107183
Nearest Tour,129,107475
Nearest Tour,130,107473
Nearest Tour,131,107334
Nearest Tour,132,107028
Nearest Tour,133,107680
Nearest Tour,134,107183
Nearest Tour,135,107783
Nearest Tour,136,107488
Nearest Tour,137,106725
Nearest Tour,138,107361
Nearest Tour,139,107680
Nearest Tour,140,107680
Nearest Tour,141,107331
Nearest Tour,142,107205
Nearest Tour,143,107028
Nearest Tour,144,107475
Nearest Tour,145,107859
Nearest Tour,146,107882
Nearest Tour,147,107156
Nearest Tour,148,107172
Nearest Tour,149,107680
Nearest Tour,150,107183
Nearest Tour,151,107304
Nearest Tour,152,107172
Nearest Tour,153,107572
Nearest Tour,154,107475
Nearest Tour,155,107183
Nearest Tour,156,107177
Nearest Tour,157,106725
Nearest Tour,158,107549
Nearest Tour,159,107200
Nearest Tour,160,107183
Nearest Tour,161,106982
Nearest Tour,162,107475
Nearest Tour,163,107028
Nearest Tour,164,107488
Nearest Tour,165,107680
Nearest Tour,166,107680
Nearest Tour,167,107183
Nearest Tour,168,107329
Nearest Tour,169,107589
Nearest Tour,170,107501
Nearest Tour,171,107317
Nearest Tour,172,108213
Nearest Tour,173,107589
Nearest Tour,174,107279
Nearest Tour,175,107183
Nearest Tour,176,107479
Nearest Tour,177,107172
Nearest Tour,178,107680
Nearest Tour,179,106725
Nearest Tour,180,107279
Nearest Tour,181,107859
Nearest Tour,182,107589
Nearest Tour,183,107331
Nearest Tour,184,107476
Nearest Tour,185,107476
Nearest Tour,186,107646
Nearest Tour,187,107839
Nearest Tour,188,107197
Nearest Tour,189,107254
Nearest Tour,190,106725
Nearest Tour,191,108170
Nearest Tour,192,107704
Nearest Tour,193,107839
Nearest Tour,194,107305
Nearest Tour,195,107029
Nearest Tour,196,107476
Nearest Tour,197,107680
Nearest Tour,198,108654
Nearest Tour,199,107335
Nearest Tour,200,106982
Nearest Tour,201,107305
Nearest Tour,202,107486
Nearest Tour,203,107887
Nearest Tour,204,107758
Nearest Tour,205,106810
Nearest Tour,206,107254
Nearest Tour,207,107859
Nearest Tour,208,107758
Nearest Tour,209,107119
Nearest Tour,210,107029
Nearest Tour,211,107479
Nearest Tour,212,107314
Nearest Tour,213,106810
Nearest Tour,214,107307
Nearest Tour,215,107039
Nearest Tour,216,108065
Nearest Tour,217,107121
Nearest Tour,218,107476
Nearest Tour,219,108065
Nearest Tour,220,106672
Nearest Tour,221,108212
Nearest Tour,222,107314
Nearest Tour,223,107335
Nearest Tour,224,107476
Nearest Tour,225,107416
Nearest Tour,226,107498
Nearest Tour,227,107314
Nearest Tour,228,107397
Nearest Tour,229,107476
Nearest Tour,230,106672
Nearest Tour,231,107498
Nearest Tour,232,107222
Nearest Tour,233,107230
Nearest Tour,234,107418
Nearest Tour,235,107039
Nearest Tour,236,106672
Nearest Tour,237,108654
Nearest Tour,238,108654
Nearest Tour,239,108212
Nearest Tour,240,106773
Nearest Tour,241,107486
Nearest Tour,242,108065
Nearest Tour,243,108212
Nearest Tour,244,107398
Nearest Tour,245,107416
Nearest Tour,246,107506
Nearest Tour,247,107527
Nearest Tour,248,107314
Nearest Tour,249,107359
Nearest Tour,250,108741
Nearest Tour,251,107669
Nearest Tour,252,107222
Nearest Tour,253,106919
Nearest Tour,254,107119
Nearest Tour,255,108212
Nearest Tour,256,107416
Nearest Tour,257,106886
Nearest Tour,258,107487
Nearest Tour,259,107222
Nearest Tour,260,106773
Nearest Tour,261,107222
Nearest Tour,262,107040
Nearest Tour,263,107595
Nearest Tour,264,107270
Nearest Tour,265,107397
Nearest Tour,266,107506
Nearest Tour,267,107418
Nearest Tour,268,107040
Nearest Tour,269,107359
Nearest Tour,270,107222
Nearest Tour,271,107595
Nearest Tour,272,107230
Nearest Tour,273,107400
Nearest Tour,274,107099
Nearest Tour,275,107040
Nearest Tour,276,106919
Nearest Tour,277,108065
Nearest Tour,278,107230
Nearest Tour,279,107071
Nearest Tour,280,107359
Nearest Tour,281,107338
Nearest Tour,282,107546
Nearest Tour,283,107359
Nearest Tour,284,108260
Nearest Tour,285,106739
Nearest Tour,286,107101
Nearest Tour,287,107595
Nearest Tour,288,107506
Nearest Tour,289,108260
Nearest Tour,290,106624
Nearest Tour,291,107467
Nearest Tour,292,107581
Nearest Tour,293,106937
Nearest Tour,294,107639
Nearest Tour,295,107236
Nearest Tour,296,107548
Nearest Tour,297,107548
Nearest Tour,298,107230
Nearest Tour,299,106937
Nearest Tour,300,107410
Nearest Tour,301,108260
Nearest Tour,302,107467
Nearest Tour,303,107101
Nearest Tour,304,107338
Nearest Tour,305,107168
Nearest Tour,306,107548
Nearest Tour,307,107727
Nearest Tour,308,107546
Nearest Tour,309,106624
Nearest Tour,310,108260
Nearest Tour,311,106937
Nearest Tour,312,107359
Nearest Tour,313,108065
Nearest Tour,314,107080
Nearest Tour,315,107230
Nearest Tour,316,108065
Nearest Tour,317,107230
Nearest Tour,318,106919
Nearest Tour,319,107594
Nearest Tour,320,107338
Nearest Tour,321,107099
Nearest Tour,322,107546
Nearest Tour,323,107355
Nearest Tour,324,107101
Nearest Tour,325,107421
Nearest Tour,326,107594
Nearest Tour,327,106607
Nearest Tour,328,107766
Nearest Tour,329,106950
Nearest Tour,330,108061
Nearest Tour,331,107550
Nearest Tour,332,107546
Nearest Tour,333,107484
Nearest Tour,334,107766
Nearest Tour,335,107400
Nearest Tour,336,108738
Nearest Tour,337,107546
Nearest Tour,338,106937
Nearest Tour,339,107355
Nearest Tour,340,108061
Nearest Tour,341,106472
Nearest Tour,342,107766
Nearest Tour,343,107484
Nearest Tour,344,107550
Nearest Tour,345,107546
Nearest Tour,346,108738
Nearest Tour,347,106522
Nearest Tour,348,107766
Nearest Tour,349,107400
Nearest Tour,350,107099
Nearest Tour,351,106504
Nearest Tour,352,108061
Nearest Tour,353,108738
Nearest Tour,354,107746
Nearest Tour,355,107400
Nearest Tour,356,106925
Nearest Tour,357,106969
Nearest Tour,358,106504
Nearest Tour,359,107746
Nearest Tour,360,108738
Nearest Tour,361,107132
Nearest Tour,362,108065
Nearest Tour,363,106504
Nearest Tour,364,107189
Nearest Tour,365,107372
Nearest Tour,366,106522
Nearest Tour,367,107579
Nearest Tour,368,107400
Nearest Tour,369,107189
Nearest Tour,370,107318
Nearest Tour,371,107746
Nearest Tour,372,107579
Nearest Tour,373,107476
Nearest Tour,374,107746
Nearest Tour,375,106726
Nearest Tour,376,107218
Nearest Tour,377,108061
Nearest Tour,378,106522
Nearest Tour,379,107004
Nearest Tour,380,107579
Nearest Tour,381,107173
Nearest Tour,382,108738
Nearest Tour,383,107318
Nearest Tour,384,107992
Nearest Tour,385,108065
Nearest Tour,386,107268
Nearest Tour,387,107582
Nearest Tour,388,107218
Nearest Tour,389,108738
Nearest Tour,390,107085
Nearest Tour,391,107173
Nearest Tour,392,107189
Nearest Tour,393,107318
Nearest Tour,394,107321
Nearest Tour,395,107189
Nearest Tour,396,107085
Nearest Tour,397,107400
Nearest Tour,398,106637
Nearest Tour,399,107004
Nearest Tour,400,108504
Nearest Tour,401,107582
Nearest Tour,402,107340
Nearest Tour,403,107085
Nearest Tour,404,107582
Nearest Tour,405,107868
Nearest Tour,406,107263
Nearest Tour,407,107340
Nearest Tour,408,107185
Nearest Tour,409,107798
Nearest Tour,410,107992
Nearest Tour,411,107189
Nearest Tour,412,107034
Nearest Tour,413,107531
Nearest Tour,414,107034
Nearest Tour,415,107531
Nearest Tour,416,107735
Nearest Tour,417,107476
Nearest Tour,418,107351
Nearest Tour,419,107784
Nearest Tour,420,107880
Nearest Tour,421,108113
Nearest Tour,422,107337
Nearest Tour,423,107735
Nearest Tour,424,106688
Nearest Tour,425,107337
Nearest Tour,426,107288
Nearest Tour,427,107488
Nearest Tour,428,107258
Nearest Tour,429,107735
Nearest Tour,430,107688
Nearest Tour,431,108504
Nearest Tour,432,107263
Nearest Tour,433,106471
Nearest Tour,434,107288
Nearest Tour,435,106876
Nearest Tour,436,107288
Nearest Tour,437,107373
Nearest Tour,438,106876
Nearest Tour,439,107333
Nearest Tour,440,107992
Nearest Tour,441,107488
Nearest Tour,442,108038
Nearest Tour,443,106876
Nearest Tour,444,107735
Nearest Tour,445,107878
Nearest Tour,446,107760
Nearest Tour,447,106471
Nearest Tour,448,107559
Nearest Tour,449,107488
Nearest Tour,450,106968
Nearest Tour,451,108304
Nearest Tour,452,106946
Nearest Tour,453,107333
Nearest Tour,454,107394
Nearest Tour,455,107653
Nearest Tour,456,107878
Nearest Tour,457,107394
Nearest Tour,458,107394
Nearest Tour,459,107443
Nearest Tour,460,107750
Nearest Tour,461,107394
Nearest Tour,462,108056
Nearest Tour,463,108304
Nearest Tour,464,108308
Nearest Tour,465,107882
Nearest Tour,466,107653
Nearest Tour,467,107750
Nearest Tour,468,107750
Nearest Tour,469,107750
Nearest Tour,470,107250
Nearest Tour,471,108304
Nearest Tour,472,108304
Nearest Tour,473,107488
Nearest Tour,474,108308
Nearest Tour,475,108308
Nearest Tour,476,107750
Nearest Tour,477,107974
Nearest Tour,478,108056
Nearest Tour,479,108073
Nearest Tour,480,107644
Nearest Tour,481,107927
Nearest Tour,482,107974
Nearest Tour,483,107392
Nearest Tour,484,108305
Nearest Tour,485,107927
Nearest Tour,486,107538
Nearest Tour,487,108077
Nearest Tour,488,108301
Nearest Tour,489,107644
Nearest Tour,490,107389
Nearest Tour,491,107927
Nearest Tour,492,107392
Nearest Tour,493,107473
Nearest Tour,494,107473
Nearest Tour,495,107392
Nearest Tour,496,108078
Nearest Tour,497,107473
Nearest Tour,498,107534
Nearest Tour,499,107974
Nearest Tour,500,107473
Nearest Tour,501,107927
Nearest Tour,502,108077
Nearest Tour,503,107389
Nearest Tour,504,107392
Nearest Tour,505,108077
Nearest Tour,506,108073
Nearest Tour,507,108056
Nearest Tour,508,107389
Nearest Tour,509,107534
Nearest Tour,510,108077
Nearest Tour,511,108056
Nearest Tour,512,108060
Nearest Tour,513,106802
Nearest Tour,514,108077
Nearest Tour,515,108060
Nearest Tour,516,108073
Nearest Tour,517,108081
Nearest Tour,518,107736
Nearest Tour,519,108073
Nearest Tour,520,108085
Nearest Tour,521,107389
Nearest Tour,522,108056
Nearest Tour,523,108085
Nearest Tour,524,108085
Nearest Tour,525,107534
Nearest Tour,526,108186
Nearest Tour,527,106802
Nearest Tour,528,106806
Nearest Tour,529,108190
Nearest Tour,530,107796
Nearest Tour,531,107796
Farthest Tour,0,94673
Farthest Tour,1,94286
Farthest Tour,2,92505
Farthest Tour,3,92745
Farthest Tour,4,94911
Farthest Tour,5,92606
Farthest Tour,6,92617
Farthest Tour,7,92553
Farthest Tour,8,94736
Farthest Tour,9,94098
Farthest Tour,10,94565
Farthest Tour,11,94591
Farthest Tour,12,95027
Farthest Tour,13,95133
Farthest Tour,14,95719
Farthest Tour,15,96192
Farthest Tour,16,96110
Farthest Tour,17,95668
Farthest Tour,18,94702
Farthest Tour,19,94259
Farthest Tour,20,94005
Farthest Tour,21,95980
Farthest Tour,22,94055
Farthest Tour,23,94856
Farthest Tour,24,93960
Farthest Tour,25,95556
Farthest Tour,26,94578
Farthest Tour,27,94690
Farthest Tour,28,94927
Farthest Tour,29,92773
Farthest Tour,30,94077
Farthest Tour,31,94108
Farthest Tour,32,94673
Farthest Tour,33,94119
Farthest Tour,34,94631
Farthest Tour,35,95792
Farthest Tour,36,94857
Farthest Tour,37,95125
Farthest Tour,38,94296
Farthest Tour,39,95985
Farthest Tour,40,93555
Farthest Tour,41,94305
Farthest Tour,42,96560
Farthest Tour,43,96411
Farthest Tour,44,94411
Farthest Tour,45,94725
Farthest Tour,46,94395
Farthest Tour,47,94743
Farthest Tour,48,94663
Farthest Tour,49,95459
Farthest Tour,50,94466
Farthest Tour,51,94472
Farthest Tour,52,94480
Farthest Tour,53,93579
Farthest Tour,54,94847
Farthest Tour,55,94974
Farthest Tour,56,94847
Farthest Tour,57,94879
Farthest Tour,58,94796
Farthest Tour,59,94533
Farthest Tour,60,95428
Farthest Tour,61,95428
Farthest Tour,62,94052
Farthest Tour,63,97039
Farthest Tour,64,94064
Farthest Tour,65,94418
Farthest Tour,66,93587
Farthest Tour,67,93183
Farthest Tour,68,96012
Farthest Tour,69,94558
Farthest Tour,70,94409
Farthest Tour,71,96092
Farthest Tour,72,94747
Farthest Tour,73,93492
Farthest Tour,74,95293
Farthest Tour,75,95413
Farthest Tour,76,95994
Farthest Tour,77,94961
Farthest Tour,78,95907
Farthest Tour,79,93264
Farthest Tour,80,93837
Farthest Tour,81,94505
Farthest Tour,82,93058
Farthest Tour,83,94322
Farthest Tour,84,96144
Farthest Tour,85,95251
Farthest Tour,86,93571
Farthest Tour,87,93643
Farthest Tour,88,94950
Farthest Tour,89,94977
Farthest Tour,90,94871
Farthest Tour,91,95278
Farthest Tour,92,95003
Farthest Tour,93,94711
Farthest Tour,94,94013
Farthest Tour,95,94664
Farthest Tour,96,97217
Farthest Tour,97,95005
Farthest Tour,98,95610
Farthest Tour,99,94447
Farthest Tour,100,93318
Farthest Tour,101,95198
Farthest Tour,102,93474
Farthest Tour,103,94562
Farthest Tour,104,93843
Farthest Tour,105,97214
Farthest Tour,106,93610
Farthest Tour,107,94496
Farthest Tour,108,95937
Farthest Tour,109,94204
Farthest Tour,110,95469
Farthest Tour,111,95902
Farthest Tour,112,94731
Farthest Tour,113,94968
Farthest Tour,114,93484
Farthest Tour,115,92851
Farthest Tour,116,95158
Farthest Tour,117,93771
Farthest Tour,118,95517
Farthest Tour,119,94000
Farthest Tour,120,94359
Farthest Tour,121,94958
Farthest Tour,122,92702
Farthest Tour,123,93340
Farthest Tour,124,93442
Farthest Tour,125,95790
Farthest Tour,126,92735
Farthest Tour,127,92735
Farthest Tour,128,94356
Farthest Tour,129,94894
Farthest Tour,130,93332
Farthest Tour,131,93946
Farthest Tour,132,94346
Farthest Tour,133,94250
Farthest Tour,134,93746
Farthest Tour,135,93528
Farthest Tour,136,94517
Farthest Tour,137,94040
Farthest Tour,138,93596
Farthest Tour,139,93252
Farthest Tour,140,95470
Farthest Tour,141,94610
Farthest Tour,142,95169
Farthest Tour,143,95840
Farthest Tour,144,93380
Farthest Tour,145,93562
Farthest Tour,146,95670
Farthest Tour,147,95487
Farthest Tour,148,93784
Farthest Tour,149,95224
Farthest Tour,150,93291
Farthest Tour,151,94357
Farthest Tour,152,93369
Farthest Tour,153,95061
Farthest Tour,154,93783
Farthest Tour,155,94199
Farthest Tour,156,94302
Farthest Tour,157,93588
Farthest Tour,158,97422
Farthest Tour,159,96665
Farthest Tour,160,92997
Farthest Tour,161,94498
Farthest Tour,162,93121
Farthest Tour,163,93650
Farthest Tour,164,94044
Farthest Tour,165,94321
Farthest Tour,166,95096
Farthest Tour,167,93843
Farthest Tour,168,94971
Farthest Tour,169,94428
Farthest Tour,170,93733
Farthest Tour,171,95394
Farthest Tour,172,95360
Farthest Tour,173,94523
Farthest Tour,174,94428
Farthest Tour,175,93707
Farthest Tour,176,95863
Farthest Tour,177,93311
Farthest Tour,178,94132
Farthest Tour,179,94234
Farthest Tour,180,94852
Farthest Tour,181,94447
Farthest Tour,182,94600
Farthest Tour,183,93437
Farthest Tour,184,94323
Farthest Tour,185,94599
Farthest Tour,186,93957
Farthest Tour,187,93648
Farthest Tour,188,93974
Farthest Tour,189,94086
Farthest Tour,190,93877
Farthest Tour,191,95505
Farthest Tour,192,92968
Farthest Tour,193,91565
Farthest Tour,194,94209
Farthest Tour,195,93793
Farthest Tour,196,92850
Farthest Tour,197,93553
Farthest Tour,198,94485
Farthest Tour,199,93300
Farthest Tour,200,92567
Farthest Tour,201,93127
Farthest Tour,202,93203
Farthest Tour,203,92061
Farthest Tour,204,93354
Farthest Tour,205,94448
Farthest Tour,206,92840
Farthest Tour,207,94475
Farthest Tour,208,93390
Farthest Tour,209,93013
Farthest Tour,210,92813
Farthest Tour,211,92713
Farthest Tour,212,96156
Farthest Tour,213,95467
Farthest Tour,214,94873
Farthest Tour,215,92951
Farthest Tour,216,94317
Farthest Tour,217,92108
Farthest Tour,218,93163
Farthest Tour,219,94308
Farthest Tour,220,93720
Farthest Tour,221,95505
Farthest Tour,222,94299
Farthest Tour,223,94070
Farthest Tour,224,93463
Farthest Tour,225,93054
Farthest Tour,226,93368
Farthest Tour,227,93368
Farthest Tour,228,94894
Farthest Tour,229,93566
Farthest Tour,230,91970
Farthest Tour,231,94656
Farthest Tour,232,93265
Farthest Tour,233,92248
Farthest Tour,234,94421
Farthest Tour,235,93741
Farthest Tour,236,93550
Farthest Tour,237,93358
Farthest Tour,238,94380
Farthest Tour,239,95505
Farthest Tour,240,92873
Farthest Tour,241,92946
Farthest Tour,242,94970
Farthest Tour,243,94618
Farthest Tour,244,93938
Farthest Tour,245,92476
Farthest Tour,246,93554
Farthest Tour,247,92726
Farthest Tour,248,93812
Farthest Tour,249,94388
Farthest Tour,250,97332
Farthest Tour,251,94129
Farthest Tour,252,94507
Farthest Tour,253,93575
Farthest Tour,254,92651
Farthest Tour,255,94650
Farthest Tour,256,94338
Farthest Tour,257,93948
Farthest Tour,258,92892
Farthest Tour,259,93861
Farthest Tour,260,93020
Farthest Tour,261,93920
Farthest Tour,262,92380
Farthest Tour,263,92991
Farthest Tour,264,93504
Farthest Tour,265,97886
Farthest Tour,266,93804
Farthest Tour,267,96856
Farthest Tour,268,93945
Farthest Tour,269,94327
Farthest Tour,270,94237
Farthest Tour,271,93119
Farthest Tour,272,94278
Farthest Tour,273,95214
Farthest Tour,274,93333
Farthest Tour,275,92646
Farthest Tour,276,94560
Farthest Tour,277,95077
Farthest Tour,278,94695
Farthest Tour,279,94045
Farthest Tour,280,94857
Farthest Tour,281,92936
Farthest Tour,282,94407
Farthest Tour,283,93895
Farthest Tour,284,94074
Farthest Tour,285,95208
Farthest Tour,286,93247
Farthest Tour,287,94306
Farthest Tour,288,93116
Farthest Tour,289,93134
Farthest Tour,290,93419
Farthest Tour,291,93512
Farthest Tour,292,95560
Farthest Tour,293,94503
Farthest Tour,294,95328
Farthest Tour,295,93380
Farthest Tour,296,92295
Farthest Tour,297,94340
Farthest Tour,298,93720
Farthest Tour,299,94449
Farthest Tour,300,95427
Farthest Tour,301,93584
Farthest Tour,302,94983
Farthest Tour,303,93149
Farthest Tour,304,94203
Farthest Tour,305,95197
Farthest Tour,306,93142
Farthest Tour,307,95366
Farthest Tour,308,92850
Farthest Tour,309,94369
Farthest Tour,310,91483
Farthest Tour,311,94756
Farthest Tour,312,92769
Farthest Tour,313,94653
Farthest Tour,314,96212
Farthest Tour,315,92769
Farthest Tour,316,94653
Farthest Tour,317,94593
Farthest Tour,318,93871
Farthest Tour,319,95840
Farthest Tour,320,94930
Farthest Tour,321,93909
Farthest Tour,322,94023
Farthest Tour,323,94472
Farthest Tour,324,93144
Farthest Tour,325,94189
Farthest Tour,326,96326
Farthest Tour,327,93149
Farthest Tour,328,95923
Farthest Tour,329,94536
Farthest Tour,330,94073
Farthest Tour,331,95093
Farthest Tour,332,94635
Farthest Tour,333,95079
Farthest Tour,334,96231
Farthest Tour,335,95779
Farthest Tour,336,93100
Farthest Tour,337,95378
Farthest Tour,338,95053
Farthest Tour,339,94370
Farthest Tour,340,94028
Farthest Tour,341,94534
Farthest Tour,342,95396
Farthest Tour,343,94341
Farthest Tour,344,95148
Farthest Tour,345,94402
Farthest Tour,346,94923
Farthest Tour,347,95243
Farthest Tour,348,93910
Farthest Tour,349,97766
Farthest Tour,350,93903
Farthest Tour,351,95954
Farthest Tour,352,95042
Farthest Tour,353,93964
Farthest Tour,354,96837
Farthest Tour,355,96028
Farthest Tour,356,97152
Farthest Tour,357,94555
Farthest Tour,358,94442
Farthest Tour,359,94483
Farthest Tour,360,93610
Farthest Tour,361,94825
Farthest Tour,362,93921
Farthest Tour,363,94948
Farthest Tour,364,95391
Farthest Tour,365,96704
Farthest Tour,366,95120
Farthest Tour,367,93774
Farthest Tour,368,95120
Farthest Tour,369,95212
Farthest Tour,370,93758
Farthest Tour,371,94513
Farthest Tour,372,95469
Farthest Tour,373,94084
Farthest Tour,374,95300
Farthest Tour,375,95324
Farthest Tour,376,95923
Farthest Tour,377,94028
Farthest Tour,378,93982
Farthest Tour,379,93798
Farthest Tour,380,92574
Farthest Tour,381,92755
Farthest Tour,382,95546
Farthest Tour,383,95068
Farthest Tour,384,94201
Farthest Tour,385,94924
Farthest Tour,386,93267
Farthest Tour,387,94719
Farthest Tour,388,95875
Farthest Tour,389,95905
Farthest Tour,390,95475
Farthest Tour,391,93284
Farthest Tour,392,95894
Farthest Tour,393,95903
Farthest Tour,394,94806
Farthest Tour,395,94002
Farthest Tour,396,94274
Farthest Tour,397,95266
Farthest Tour,398,94152
Farthest Tour,399,94135
Farthest Tour,400,94027
Farthest Tour,401,95310
Farthest Tour,402,93952
Farthest Tour,403,93282
Farthest Tour,404,93327
Farthest Tour,405,95352
Farthest Tour,406,95034
Farthest Tour,407,94196
Farthest Tour,408,93090
Farthest Tour,409,95510
Farthest Tour,410,95454
Farthest Tour,411,96759
Farthest Tour,412,94147
Farthest Tour,413,94829
Farthest Tour,414,94095
Farthest Tour,415,94338
Farthest Tour,416,95305
Farthest Tour,417,95924
Farthest Tour,418,94526
Farthest Tour,419,95351
Farthest Tour,420,95637
Farthest Tour,421,93370
Farthest Tour,422,95362
Farthest Tour,423,94956
Farthest Tour,424,94072
Farthest Tour,425,94726
Farthest Tour,426,94961
Farthest Tour,427,94841
Farthest Tour,428,94520
Farthest Tour,429,95645
Farthest Tour,430,95500
Farthest Tour,431,92865
Farthest Tour,432,93970
Farthest Tour,433,93837
Farthest Tour,434,93601
Farthest Tour,435,92849
Farthest Tour,436,93830
Farthest Tour,437,94270
Farthest Tour,438,92752
Farthest Tour,439,95606
Farthest Tour,440,93785
Farthest Tour,441,94891
Farthest Tour,442,94092
Farthest Tour,443,94449
Farthest Tour,444,93889
Farthest Tour,445,94827
Farthest Tour,446,94986
Farthest Tour,447,95518
Farthest Tour,448,95190
Farthest Tour,449,94693
Farthest Tour,450,95500
Farthest Tour,451,94381
Farthest Tour,452,94321
Farthest Tour,453,96553
Farthest Tour,454,95584
Farthest Tour,455,95820
Farthest Tour,456,94520
Farthest Tour,457,95821
Farthest Tour,458,95388
Farthest Tour,459,94392
Farthest Tour,460,94827
Farthest Tour,461,97184
Farthest Tour,462,93622
Farthest Tour,463,94847
Farthest Tour,464,94847
Farthest Tour,465,94535
Farthest Tour,466,95157
Farthest Tour,467,95583
Farthest Tour,468,94909
Farthest Tour,469,94214
Farthest Tour,470,93136
Farthest Tour,471,94847
Farthest Tour,472,94827
Farthest Tour,473,95867
Farthest Tour,474,94612
Farthest Tour,475,94872
Farthest Tour,476,94785
Farthest Tour,477,95281
Farthest Tour,478,93869
Farthest Tour,479,94825
Farthest Tour,480,96629
Farthest Tour,481,95371
Farthest Tour,482,93376
Farthest Tour,483,95620
Farthest Tour,484,94399
Farthest Tour,485,94723
Farthest Tour,486,93934
Farthest Tour,487,94706
Farthest Tour,488,94669
Farthest Tour,489,95515
Farthest Tour,490,95915
Farthest Tour,491,97545
Farthest Tour,492,95921
Farthest Tour,493,96745
Farthest Tour,494,94568
Farthest Tour,495,96748
Farthest Tour,496,94122
Farthest Tour,497,95968
Farthest Tour,498,93843
Farthest Tour,499,95089
Farthest Tour,500,94808
Farthest Tour,501,95836
Farthest Tour,502,96234
Farthest Tour,503,93180
Farthest Tour,504,97735
Farthest Tour,505,94255
Farthest Tour,506,94805
Farthest Tour,507,96868
Farthest Tour,508,94544
Farthest Tour,509,96205
Farthest Tour,510,95063
Farthest Tour,511,96109
Farthest Tour,512,97264
Farthest Tour,513,94869
Farthest Tour,514,95852
Farthest Tour,515,96109
Farthest Tour,516,95063
Farthest Tour,517,95773
Farthest Tour,518,95818
Farthest Tour,519,95852
Farthest Tour,520,95773
Farthest Tour,521,94392
Farthest Tour,522,95735
Farthest Tour,523,95997
Farthest Tour,524,95988
Farthest Tour,525,96534
Farthest Tour,526,97542
Farthest Tour,527,95566
Farthest Tour,528,95956
Farthest Tour,529,93402
Farthest Tour,530,95712
Farthest Tour,531,93481
